SECCION,MUNICIPIO,LISTA_NOMINAL,VOTOS_MORENA_Y_ALIADOS,VOTOS_OPOSICION,VOTOS_NULOS
1,Hermosillo,1134,158,485,19
2,Hermosillo,789,77,267,10
3,Hermosillo,1591,131,692,25
4,Hermosillo,1583,296,638,28
5,Hermosillo,1669,171,728,27
6,Hermosillo,3078,602,1216,56
7,Hermosillo,1972,250,769,31
8,Hermosillo,1542,263,479,22
9,Hermosillo,2587,395,903,40
10,Hermosillo,3067,461,1144,49
11,Hermosillo,2540,273,786,32
12,Hermosillo,2638,273,820,33
13,Hermosillo,1684,152,647,24
14,Hermosillo,1011,144,425,17
15,Hermosillo,1463,154,515,20
16,Hermosillo,2138,261,913,36
17,Hermosillo,2849,460,1218,51
18,Hermosillo,1341,229,425,20
19,Hermosillo,731,67,230,9
20,Hermosillo,1208,224,483,21
21,Hermosillo,1269,126,636,23
22,Hermosillo,1159,140,381,16
23,Hermosillo,1821,188,558,23
24,Hermosillo,2233,408,975,42
25,Hermosillo,2207,285,776,32
26,Hermosillo,1436,193,379,17
27,Hermosillo,2662,428,1108,47
28,Hermosillo,1038,147,377,16
29,Hermosillo,2964,555,1260,56
30,Hermosillo,2924,427,1346,54
31,Hermosillo,594,88,223,9
32,Hermosillo,882,120,358,14
33,Hermosillo,3062,366,1036,43
34,Hermosillo,2879,262,1220,45
35,Hermosillo,2966,505,1072,48
36,Hermosillo,1993,232,641,26
37,Hermosillo,3228,444,1550,61
38,Hermosillo,2401,354,747,34
39,Hermosillo,1467,114,533,19
40,Hermosillo,2568,384,718,34
41,Hermosillo,2224,348,998,41
42,Hermosillo,1032,159,480,19
43,Hermosillo,709,108,193,9
44,Hermosillo,2346,285,863,35
45,Hermosillo,1742,299,620,28
46,Hermosillo,876,89,328,12
47,Hermosillo,2096,356,905,39
48,Hermosillo,2964,325,1425,54
49,Hermosillo,834,135,332,14
50,Hermosillo,2739,305,1174,45
51,Hermosillo,1616,195,711,28
52,Hermosillo,1726,138,570,21
53,Hermosillo,1494,259,602,26
54,Hermosillo,1148,181,366,16
55,Hermosillo,939,151,302,14
56,Hermosillo,3015,377,794,36
57,Hermosillo,727,107,236,10
58,Hermosillo,3108,516,1355,57
59,Hermosillo,1531,171,667,25
60,Hermosillo,1900,258,906,36
61,Hermosillo,2727,204,984,36
62,Hermosillo,3084,492,963,44
63,Hermosillo,2508,301,1261,48
64,Hermosillo,2646,461,858,40
65,Hermosillo,2373,227,717,29
66,Hermosillo,853,139,290,13
67,Hermosillo,870,84,411,15
68,Hermosillo,2602,482,1154,50
69,Hermosillo,704,97,251,10
70,Hermosillo,1063,133,303,13
71,Hermosillo,1972,323,743,32
72,Hermosillo,864,67,295,11
73,Hermosillo,1777,284,649,28
74,Hermosillo,2818,403,1325,53
75,Hermosillo,2533,320,816,35
76,Hermosillo,2178,172,829,30
77,Hermosillo,1657,290,669,29
78,Hermosillo,1369,181,493,20
79,Hermosillo,1182,74,400,14
80,Hermosillo,1740,233,678,28
81,Hermosillo,2777,190,901,33
82,Hermosillo,1179,153,328,14
83,Hermosillo,2734,372,845,37
84,Hermosillo,1793,318,744,32
85,Hermosillo,1422,204,611,25
86,Hermosillo,677,136,245,11
87,Hermosillo,1184,140,406,16
88,Hermosillo,2298,344,982,40
89,Hermosillo,898,76,312,12
90,Hermosillo,1440,209,401,18
91,Hermosillo,909,120,317,13
92,Hermosillo,2401,408,975,42
93,Hermosillo,2725,508,1071,48
94,Hermosillo,2958,349,1082,44
95,Hermosillo,2892,308,893,37
96,Hermosillo,2178,238,791,31
97,Hermosillo,1399,147,428,17
98,Hermosillo,2115,172,654,25
99,Hermosillo,2326,291,1171,45
100,Hermosillo,1183,126,434,17
101,Hermosillo,3110,473,1164,50
102,Hermosillo,1194,127,391,16
103,Hermosillo,2557,359,900,38
104,Hermosillo,626,56,213,8
105,Hermosillo,3155,699,1251,60
106,Hermosillo,2658,260,1349,49
107,Hermosillo,1629,193,593,24
108,Hermosillo,1116,149,474,19
109,Hermosillo,1776,236,457,21
110,Hermosillo,2256,327,720,32
111,Hermosillo,1480,234,429,20
112,Hermosillo,2668,303,812,34
113,Hermosillo,675,65,216,8
114,Hermosillo,1604,145,537,21
115,Hermosillo,1792,171,623,24
116,Hermosillo,3192,518,1209,53
117,Hermosillo,1601,146,649,24
118,Hermosillo,1346,121,415,16
119,Hermosillo,1804,285,616,27
120,Hermosillo,2817,470,1038,46
121,Hermosillo,925,63,333,12
122,Hermosillo,2796,505,968,45
123,Hermosillo,771,133,271,12
124,Hermosillo,1767,278,689,29
125,Hermosillo,1613,196,654,26
126,Hermosillo,3072,499,1371,57
127,Hermosillo,736,133,320,13
128,Hermosillo,1586,126,688,25
129,Hermosillo,3132,450,1431,58
130,Hermosillo,2839,407,954,42
131,Hermosillo,1935,224,939,35
132,Hermosillo,2364,242,771,31
133,Hermosillo,2723,502,1144,50
134,Hermosillo,2680,501,1051,48
135,Hermosillo,2192,283,768,32
136,Hermosillo,3086,541,1104,50
137,Hermosillo,859,107,428,16
138,Hermosillo,1395,136,739,27
139,Hermosillo,546,99,233,10
140,Hermosillo,960,115,262,11
141,Hermosillo,2827,375,1160,47
142,Hermosillo,3116,619,1173,55
143,Hermosillo,1353,220,485,21
144,Hermosillo,2522,334,839,36
145,Hermosillo,2409,391,709,33
146,Hermosillo,1129,202,478,21
147,Hermosillo,3217,463,1216,51
148,Hermosillo,2324,258,939,37
149,Hermosillo,854,116,277,12
150,Hermosillo,1982,330,873,37
151,Hermosillo,2351,176,809,30
152,Hermosillo,2271,288,920,37
153,Hermosillo,2709,441,1147,49
154,Hermosillo,1438,202,472,20
155,Hermosillo,3109,593,1254,57
156,Hermosillo,2696,371,829,37
157,Hermosillo,2710,605,1104,52
158,Hermosillo,1515,202,633,25
159,Hermosillo,2284,309,606,28
160,Hermosillo,1081,173,342,15
161,Hermosillo,2831,382,833,37
162,Hermosillo,776,128,310,13
163,Hermosillo,2934,271,1378,51
164,Hermosillo,961,154,299,14
165,Hermosillo,613,71,191,8
166,Hermosillo,1330,142,421,17
167,Hermosillo,1551,214,492,21
168,Hermosillo,1047,135,399,16
169,Hermosillo,1669,129,537,20
170,Hermosillo,2066,414,862,39
171,Hermosillo,3025,399,852,38
172,Hermosillo,2098,262,615,27
173,Hermosillo,1973,299,842,35
174,Hermosillo,560,68,159,7
175,Hermosillo,2503,217,1108,40
176,Hermosillo,670,65,222,8
177,Hermosillo,1497,205,690,27
178,Hermosillo,1037,108,539,20
179,Hermosillo,1415,122,558,21
180,Hermosillo,1177,115,533,20
181,Hermosillo,3109,295,991,39
182,Hermosillo,2539,218,1165,42
183,Hermosillo,1017,95,478,17
184,Hermosillo,1760,392,698,33
185,Hermosillo,1040,152,336,15
186,Hermosillo,2054,283,893,36
187,Hermosillo,2093,291,529,25
188,Hermosillo,1518,205,581,24
189,Hermosillo,2678,590,1065,51
190,Hermosillo,869,81,375,14
191,Hermosillo,2872,528,1235,54
192,Hermosillo,2191,421,803,37
193,Hermosillo,3025,435,827,39
194,Hermosillo,3205,323,970,39
195,Hermosillo,3174,314,1477,55
196,Hermosillo,2784,412,1009,43
197,Hermosillo,2927,293,1207,46
198,Hermosillo,774,94,262,11
199,Hermosillo,2062,374,876,38
200,Hermosillo,740,87,239,10
201,Hermosillo,835,98,345,13
202,Hermosillo,2245,172,796,29
203,Hermosillo,940,114,271,11
204,Hermosillo,2295,421,841,39
205,Hermosillo,2461,257,1050,40
206,Hermosillo,577,84,244,10
207,Hermosillo,2777,259,963,37
208,Hermosillo,1774,211,798,31
209,Hermosillo,3003,507,1194,52
210,Hermosillo,2241,157,813,29
211,Hermosillo,3038,384,853,38
212,Hermosillo,2292,281,1063,41
213,Hermosillo,1212,119,434,17
214,Hermosillo,2827,419,982,43
215,Hermosillo,734,72,243,9
216,Hermosillo,1458,170,676,26
217,Hermosillo,1807,165,864,31
218,Hermosillo,1868,163,789,29
219,Hermosillo,2044,398,785,36
220,Hermosillo,1570,214,494,21
221,Hermosillo,1625,161,686,26
222,Hermosillo,1016,90,319,12
223,Hermosillo,2008,218,907,34
224,Hermosillo,821,119,250,11
225,Hermosillo,1598,206,710,28
226,Hermosillo,2680,376,1050,44
227,Hermosillo,2304,321,856,36
228,Hermosillo,1514,177,573,23
229,Hermosillo,2878,272,1229,46
230,Hermosillo,1254,127,400,16
231,Hermosillo,636,56,292,10
232,Hermosillo,1783,149,806,29
233,Hermosillo,1311,211,391,18
234,Hermosillo,2052,284,668,29
235,Hermosillo,2073,246,796,32
236,Hermosillo,2179,188,682,26
237,Hermosillo,2729,225,934,35
238,Hermosillo,2181,388,700,33
239,Hermosillo,1064,147,314,14
240,Hermosillo,799,134,351,14
241,Hermosillo,2900,321,1491,56
242,Hermosillo,2022,211,590,24
243,Hermosillo,2865,337,821,35
244,Hermosillo,2347,203,769,30
245,Hermosillo,1096,170,324,15
246,Hermosillo,805,99,273,11
247,Hermosillo,2567,307,1256,48
248,Hermosillo,2379,236,715,29
249,Hermosillo,1738,330,766,33
250,Hermosillo,2253,192,709,27
251,Hermosillo,2506,484,1063,47
252,Hermosillo,611,91,226,9
253,Hermosillo,2920,262,991,38
254,Hermosillo,2197,396,761,35
255,Hermosillo,784,99,258,11
256,Hermosillo,2702,464,864,41
257,Hermosillo,1941,166,715,27
258,Hermosillo,861,164,378,16
259,Hermosillo,714,111,290,12
260,Hermosillo,1470,326,583,28
261,Hermosillo,2457,221,968,36
262,Hermosillo,1924,258,651,28
263,Hermosillo,2430,164,862,31
264,Hermosillo,1832,320,590,28
265,Hermosillo,2274,255,1049,40
266,Hermosillo,847,120,274,12
267,Hermosillo,1413,101,506,18
268,Hermosillo,2903,384,795,36
269,Hermosillo,716,85,255,10
270,Hermosillo,1332,124,602,22
271,Hermosillo,2678,236,1052,39
272,Hermosillo,2649,419,1034,44
273,Hermosillo,1388,170,578,23
274,Hermosillo,1178,169,488,20
275,Hermosillo,1088,202,390,18
276,Hermosillo,2189,226,1065,39
277,Hermosillo,934,151,279,13
278,Hermosillo,1838,239,727,29
279,Hermosillo,2355,479,929,43
280,Hermosillo,1909,234,636,26
281,Hermosillo,627,49,270,9
282,Hermosillo,712,104,252,11
283,Hermosillo,631,71,266,10
284,Hermosillo,684,55,236,8
285,Hermosillo,3108,337,1222,48
286,Hermosillo,2715,333,1335,51
287,Hermosillo,2999,539,1243,55
288,Hermosillo,1784,158,586,23
289,Hermosillo,1744,226,685,28
290,Hermosillo,2939,364,907,39
291,Hermosillo,2630,233,1095,41
292,Hermosillo,1179,136,405,16
293,Hermosillo,2652,522,1127,50
294,Hermosillo,1318,246,485,22
295,Hermosillo,1787,214,610,25
296,Hermosillo,862,128,238,11
297,Hermosillo,2864,578,1039,49
298,Hermosillo,1449,220,647,26
299,Hermosillo,2150,333,603,28
300,Hermosillo,3183,419,1583,61
301,Hermosillo,2303,457,928,42
302,Hermosillo,3005,267,1178,44
303,Hermosillo,679,99,182,8
304,Hermosillo,1131,82,391,14
305,Hermosillo,1346,153,529,21
306,Hermosillo,2440,241,911,35
307,Hermosillo,2798,515,1033,47
308,Hermosillo,1368,124,629,23
309,Hermosillo,819,119,388,15
310,Hermosillo,2977,362,1168,47
311,Hermosillo,1709,281,554,25
312,Hermosillo,1182,114,401,15
313,Hermosillo,3036,310,1025,41
314,Hermosillo,1408,190,554,22
315,Hermosillo,2353,200,873,33
316,Hermosillo,656,92,207,9
317,Hermosillo,2584,355,753,34
318,Hermosillo,747,60,235,9
319,Hermosillo,1326,165,543,21
320,Hermosillo,2509,208,1127,41
321,Hermosillo,1758,227,649,27
322,Hermosillo,2396,393,886,39
323,Hermosillo,1033,142,388,16
324,Hermosillo,3150,476,1307,55
325,Hermosillo,2975,233,1041,39
326,Hermosillo,1001,144,448,18
327,Hermosillo,800,120,299,12
328,Hermosillo,2762,450,967,43
329,Hermosillo,2643,273,994,39
330,Hermosillo,855,163,303,14
331,Hermosillo,1960,420,809,37
332,Hermosillo,1640,202,515,22
333,Hermosillo,2993,658,1207,57
334,Hermosillo,1629,201,681,27
335,Hermosillo,1179,174,452,19
336,Hermosillo,567,71,214,8
337,Hermosillo,1432,258,609,26
338,Hermosillo,1023,128,502,19
339,Hermosillo,1164,179,385,17
340,Hermosillo,2309,167,892,32
341,Hermosillo,3115,655,1218,57
342,Hermosillo,1073,177,445,19
343,Hermosillo,1369,193,578,23
344,Hermosillo,2204,198,955,35
345,Hermosillo,1800,275,627,27
346,Hermosillo,3016,281,1438,53
347,Hermosillo,2088,394,750,35
348,Hermosillo,1948,203,801,31
349,Hermosillo,2352,224,849,33
350,Hermosillo,2144,363,762,34
351,Hermosillo,3238,469,1474,60
352,Hermosillo,1797,244,618,26
353,Hermosillo,970,99,359,14
354,Hermosillo,1486,235,482,22
355,Hermosillo,1243,94,505,18
356,Hermosillo,722,116,337,14
357,Hermosillo,1353,168,524,21
358,Hermosillo,1599,274,502,23
359,Hermosillo,951,87,359,13
360,Hermosillo,1559,129,575,21
361,Hermosillo,1115,195,493,21
362,Hermosillo,2859,320,1111,44
363,Hermosillo,1291,258,505,23
364,Hermosillo,550,45,195,7
365,Hermosillo,1790,170,705,27
366,Hermosillo,844,119,252,11
367,Hermosillo,692,91,261,10
368,Hermosillo,2648,243,1051,40
369,Hermosillo,2160,203,838,32
370,Hermosillo,1088,196,415,18
371,Hermosillo,1913,225,797,31
372,Hermosillo,1058,113,537,20
373,Hermosillo,690,105,191,9
374,Hermosillo,2006,351,802,35
375,Hermosillo,1573,134,662,24
376,Hermosillo,2331,221,811,31
377,Hermosillo,1603,288,653,29
378,Hermosillo,640,79,176,7
379,Hermosillo,677,79,257,10
380,Hermosillo,1126,182,448,19
381,Hermosillo,2660,271,1102,42
382,Hermosillo,790,96,225,9
383,Hermosillo,2823,377,1388,54
384,Hermosillo,2236,283,978,38
385,Hermosillo,827,85,249,10
386,Hermosillo,1858,248,496,22
387,Hermosillo,2487,233,1141,42
388,Hermosillo,2170,227,659,27
389,Hermosillo,2097,319,714,31
390,Hermosillo,3048,483,880,42
391,Hermosillo,2719,295,1037,41
392,Hermosillo,2545,258,965,37
393,Hermosillo,2193,234,824,32
394,Hermosillo,1595,168,607,23
395,Hermosillo,2179,388,927,40
396,Hermosillo,762,63,253,9
397,Hermosillo,1073,79,426,15
398,Hermosillo,2332,408,1026,44
399,Hermosillo,695,147,262,12
400,Hermosillo,1900,228,904,34
401,Hermosillo,2741,355,1263,50
402,Hermosillo,2705,296,1083,42
403,Hermosillo,1643,268,687,29
404,Hermosillo,926,109,457,17
405,Hermosillo,732,91,251,10
406,Hermosillo,2401,165,780,29
407,Hermosillo,997,80,427,15
408,Hermosillo,2487,282,1125,43
409,Hermosillo,2825,201,1098,40
410,Hermosillo,1190,228,505,22
411,Hermosillo,1496,226,550,23
412,Hermosillo,1811,354,644,30
413,Hermosillo,2610,347,865,37
414,Hermosillo,2408,193,946,35
415,Hermosillo,2040,154,692,26
416,Hermosillo,1661,230,803,31
417,Hermosillo,3182,597,1140,53
418,Hermosillo,1966,261,825,33
419,Hermosillo,1100,178,352,16
420,Hermosillo,655,73,287,11
421,Hermosillo,1665,231,733,29
422,Hermosillo,2246,360,786,35
423,Hermosillo,1968,342,645,30
424,Hermosillo,3024,348,845,36
425,Hermosillo,2393,414,797,37
426,Hermosillo,1262,187,418,18
427,Hermosillo,1263,105,489,18
428,Hermosillo,1667,291,530,25
429,Hermosillo,3169,470,1110,48
430,Hermosillo,1742,248,620,26
431,Hermosillo,1832,261,614,27
432,Hermosillo,3120,655,1312,60
433,Hermosillo,1420,159,673,25
434,Hermosillo,2140,264,610,27
435,Hermosillo,1392,206,498,21
436,Hermosillo,2230,314,683,30
437,Hermosillo,2887,371,885,38
438,Hermosillo,1460,137,599,22
439,Hermosillo,2326,289,737,31
440,Hermosillo,1088,154,395,16
441,Hermosillo,1326,159,542,21
442,Hermosillo,2160,217,1111,41
443,Hermosillo,1097,160,435,18
444,Hermosillo,1906,259,641,27
445,Hermosillo,2976,437,1401,56
446,Hermosillo,2649,344,1227,48
447,Hermosillo,2357,213,777,30
448,Hermosillo,1779,149,591,22
449,Hermosillo,1382,186,539,22
450,Hermosillo,965,87,409,15
451,Hermosillo,718,75,263,10
452,Hermosillo,2048,142,748,27
453,Hermosillo,1588,182,541,22
454,Hermosillo,1880,144,702,26
455,Hermosillo,650,94,199,9
456,Hermosillo,2527,443,787,38
457,Hermosillo,1347,194,458,20
458,Hermosillo,854,87,320,12
459,Hermosillo,1202,236,468,21
460,Hermosillo,1858,159,580,22
461,Hermosillo,1923,216,898,34
462,Hermosillo,3161,329,1074,43
463,Hermosillo,1441,243,563,24
464,Hermosillo,1742,274,571,26
465,Hermosillo,1387,125,628,23
466,Hermosillo,773,128,331,14
467,Hermosillo,1656,240,481,22
468,Hermosillo,1446,261,488,23
469,Hermosillo,1713,304,621,28
470,Hermosillo,722,87,193,8
471,Hermosillo,835,113,326,13
472,Hermosillo,1223,238,525,23
473,Hermosillo,2027,439,818,38
474,Hermosillo,847,104,258,11
475,Hermosillo,826,159,340,15
476,Hermosillo,2742,482,1019,46
477,Hermosillo,2372,249,1147,43
478,Hermosillo,1985,338,870,37
479,Hermosillo,2371,255,1069,40
480,Hermosillo,2277,327,608,28
481,Hermosillo,2633,367,1264,50
482,Hermosillo,2844,321,1094,43
483,Hermosillo,2882,224,1025,38
484,Hermosillo,3069,549,1201,54
485,Hermosillo,1158,139,545,21
486,Hermosillo,1302,100,461,17
487,Hermosillo,3206,383,973,41
488,Hermosillo,1035,172,309,14
489,Hermosillo,1333,187,370,17
490,Hermosillo,2634,340,1232,48
491,Hermosillo,2732,385,1181,48
492,Hermosillo,1003,125,404,16
493,Hermosillo,1655,247,455,21
494,Hermosillo,3178,277,1337,49
495,Hermosillo,1263,140,505,19
496,Hermosillo,2536,362,1169,47
497,Hermosillo,1699,171,785,29
498,Hermosillo,2671,417,861,39
499,Hermosillo,1042,113,315,13
500,Hermosillo,2581,272,1096,42
501,Cajeme,1790,235,876,34
502,Cajeme,2775,395,823,37
503,Cajeme,1296,152,482,19
504,Cajeme,2587,249,1316,48
505,Cajeme,1200,152,471,19
506,Cajeme,2708,361,856,37
507,Cajeme,2671,300,957,38
508,Cajeme,2936,381,831,37
509,Cajeme,2399,219,1075,40
510,Cajeme,2978,256,1113,42
511,Cajeme,1019,148,475,19
512,Cajeme,623,61,275,10
513,Cajeme,612,53,225,8
514,Cajeme,2123,268,694,29
515,Cajeme,1267,214,433,19
516,Cajeme,1593,141,758,27
517,Cajeme,2450,174,921,33
518,Cajeme,2183,366,843,37
519,Cajeme,3208,356,1304,51
520,Cajeme,599,59,306,11
521,Cajeme,980,162,318,14
522,Cajeme,878,63,288,10
523,Cajeme,1807,208,767,30
524,Cajeme,1535,227,717,29
525,Cajeme,2952,404,1331,53
526,Cajeme,1219,193,535,22
527,Cajeme,2458,259,1282,47
528,Cajeme,790,53,256,9
529,Cajeme,1212,187,445,19
530,Cajeme,1993,300,877,36
531,Cajeme,1098,120,395,15
532,Cajeme,1466,216,468,21
533,Cajeme,2209,438,833,39
534,Cajeme,2407,244,1039,39
535,Cajeme,1162,182,507,21
536,Cajeme,1385,232,596,25
537,Cajeme,2504,280,723,31
538,Cajeme,1737,197,780,30
539,Cajeme,1851,247,616,26
540,Cajeme,2182,251,759,31
541,Cajeme,2126,136,744,27
542,Cajeme,2665,288,747,32
543,Cajeme,1097,124,436,17
544,Cajeme,1775,243,868,34
545,Cajeme,1490,303,632,28
546,Cajeme,602,71,295,11
547,Cajeme,739,83,259,10
548,Cajeme,689,98,261,11
549,Cajeme,1435,154,730,27
550,Cajeme,2627,239,847,33
551,Cajeme,2804,231,931,35
552,Cajeme,632,80,286,11
553,Cajeme,2626,416,1211,50
554,Cajeme,2818,481,958,44
555,Cajeme,1394,120,640,23
556,Cajeme,2630,192,928,34
557,Cajeme,649,68,191,8
558,Cajeme,2249,253,1103,41
559,Cajeme,608,47,195,7
560,Cajeme,735,64,276,10
561,Cajeme,3161,594,1361,60
562,Cajeme,2175,404,763,36
563,Cajeme,2849,438,973,43
564,Cajeme,1828,297,721,31
565,Cajeme,2633,248,837,33
566,Cajeme,2687,231,902,35
567,Cajeme,1168,232,455,21
568,Cajeme,990,142,438,17
569,Cajeme,2917,451,891,41
570,Cajeme,876,123,239,11
571,Cajeme,1215,106,452,17
572,Cajeme,1482,125,541,20
573,Cajeme,1693,284,605,27
574,Cajeme,1915,226,564,24
575,Cajeme,1887,319,740,32
576,Cajeme,3138,320,1165,45
577,Cajeme,2272,311,1076,42
578,Cajeme,1823,190,957,35
579,Cajeme,1937,242,662,27
580,Cajeme,2855,460,1125,49
581,Cajeme,570,62,276,10
582,Cajeme,1446,256,494,23
583,Cajeme,2919,478,1171,50
584,Cajeme,3174,362,1260,50
585,Cajeme,815,71,346,12
586,Cajeme,1749,160,874,31
587,Cajeme,1979,276,533,25
588,Cajeme,2316,435,947,42
589,Cajeme,1073,147,271,12
590,Cajeme,650,61,336,12
591,Cajeme,2966,432,1364,55
592,Cajeme,860,105,270,11
593,Cajeme,1934,410,731,35
594,Cajeme,1096,115,322,13
595,Cajeme,2112,289,959,38
596,Cajeme,2327,242,896,35
597,Cajeme,988,103,322,13
598,Cajeme,979,90,356,13
599,Cajeme,686,58,232,8
600,Cajeme,1709,211,684,27
601,Cajeme,1392,221,477,21
602,Cajeme,2314,262,1089,41
603,Cajeme,1269,205,513,22
604,Cajeme,822,130,383,15
605,Cajeme,1301,184,541,22
606,Cajeme,789,125,258,11
607,Cajeme,885,70,328,12
608,Cajeme,1119,136,530,20
609,Cajeme,3033,295,1438,53
610,Cajeme,2506,208,815,31
611,Cajeme,2944,369,1348,53
612,Cajeme,1535,167,667,25
613,Cajeme,1765,236,574,25
614,Cajeme,1662,264,755,31
615,Cajeme,1561,307,587,27
616,Cajeme,657,87,269,11
617,Cajeme,2634,369,809,36
618,Cajeme,2573,353,962,40
619,Cajeme,2790,387,1239,50
620,Cajeme,1528,205,649,26
621,Cajeme,1929,331,702,31
622,Cajeme,1846,277,555,25
623,Cajeme,739,97,281,11
624,Cajeme,1375,149,571,22
625,Cajeme,2347,509,952,45
626,Cajeme,2155,406,898,40
627,Cajeme,1649,165,704,26
628,Cajeme,2297,249,1174,43
629,Cajeme,778,141,321,14
630,Cajeme,2553,301,1254,48
631,Cajeme,1792,125,579,21
632,Cajeme,2163,305,720,31
633,Cajeme,736,111,335,13
634,Cajeme,1104,96,368,14
635,Cajeme,2068,237,910,35
636,Cajeme,1423,192,565,23
637,Cajeme,2711,272,823,33
638,Cajeme,1568,152,812,29
639,Cajeme,2270,300,819,34
640,Cajeme,619,55,204,8
641,Cajeme,2230,208,726,28
642,Cajeme,1654,146,517,20
643,Cajeme,2975,307,880,36
644,Cajeme,2688,236,1136,42
645,Cajeme,1411,145,438,18
646,Cajeme,3072,417,1440,57
647,Cajeme,2930,283,1334,50
648,Cajeme,1329,129,578,21
649,Cajeme,2126,307,1004,40
650,Cajeme,1927,372,696,33
651,Cajeme,732,114,314,13
652,Cajeme,1176,80,408,15
653,Cajeme,2721,346,910,38
654,Cajeme,3041,336,1050,42
655,Cajeme,699,122,252,11
656,Cajeme,2523,215,831,32
657,Cajeme,3171,472,1502,61
658,Cajeme,1216,144,390,16
659,Cajeme,1831,302,748,32
660,Cajeme,611,83,241,9
661,Cajeme,1312,148,441,18
662,Cajeme,1042,167,300,14
663,Cajeme,1085,90,362,13
664,Cajeme,2815,451,1201,51
665,Cajeme,2845,478,986,45
666,Cajeme,2557,301,729,31
667,Cajeme,995,101,298,12
668,Cajeme,2583,454,1015,45
669,Cajeme,1874,247,628,27
670,Cajeme,3038,461,1396,57
671,Cajeme,3138,362,1027,42
672,Cajeme,617,70,238,9
673,Cajeme,2882,316,1240,48
674,Cajeme,2334,163,764,28
675,Cajeme,1452,115,567,21
676,Cajeme,672,97,222,9
677,Cajeme,834,96,280,11
678,Cajeme,1024,133,443,17
679,Cajeme,3230,309,1181,46
680,Cajeme,2706,517,982,46
681,Cajeme,2369,444,1003,44
682,Cajeme,2879,365,1273,50
683,Cajeme,2298,276,738,31
684,Cajeme,2256,238,926,35
685,Cajeme,1855,338,806,35
686,Cajeme,2864,626,1141,54
687,Cajeme,2333,248,754,30
688,Cajeme,1724,208,633,26
689,Cajeme,3231,461,1251,52
690,Cajeme,1983,293,561,26
691,Cajeme,1203,131,524,20
692,Cajeme,644,99,206,9
693,Cajeme,2670,316,1309,50
694,Cajeme,2621,401,1027,44
695,Cajeme,2005,344,680,31
696,Cajeme,1280,195,382,17
697,Cajeme,1144,232,458,21
698,Cajeme,2138,365,713,33
699,Cajeme,2163,313,759,33
700,Cajeme,1274,138,573,21
701,Cajeme,1776,367,710,33
702,Cajeme,1018,99,450,16
703,Cajeme,761,73,262,10
704,Cajeme,2189,340,934,39
705,Cajeme,1686,191,544,22
706,Cajeme,1706,242,644,27
707,Cajeme,617,82,202,8
708,Cajeme,1089,114,533,19
709,Cajeme,2901,464,1141,49
710,Cajeme,2222,317,794,34
711,Cajeme,2685,262,892,35
712,Cajeme,1829,206,630,25
713,Cajeme,2264,197,704,27
714,Cajeme,1057,70,376,13
715,Cajeme,2809,263,838,34
716,Cajeme,1263,186,505,21
717,Cajeme,1593,201,695,27
718,Cajeme,1691,214,737,29
719,Cajeme,1762,169,514,21
720,Cajeme,1226,100,454,17
721,Cajeme,1218,118,372,15
722,Cajeme,3240,428,1100,47
723,Cajeme,2939,330,1093,44
724,Cajeme,1824,278,860,35
725,Cajeme,918,124,374,15
726,Cajeme,1704,176,848,31
727,Cajeme,2874,456,923,42
728,Cajeme,719,52,262,9
729,Cajeme,1987,422,752,36
730,Cajeme,1881,182,766,29
731,Cajeme,846,89,267,10
732,Cajeme,1073,102,377,14
733,Cajeme,2383,300,1092,43
734,Cajeme,2046,274,583,26
735,Cajeme,2422,269,756,31
736,Cajeme,1658,173,793,29
737,Cajeme,551,89,246,10
738,Cajeme,1263,162,392,17
739,Cajeme,1400,224,518,22
740,Cajeme,3082,468,1409,58
741,Cajeme,1516,154,770,28
742,Cajeme,2376,248,877,34
743,Cajeme,1796,206,621,25
744,Cajeme,1906,181,652,25
745,Cajeme,1515,271,671,29
746,Cajeme,2413,214,820,31
747,Cajeme,1859,277,818,33
748,Cajeme,855,113,405,16
749,Cajeme,2556,412,880,39
750,Cajeme,1985,154,650,24
751,Cajeme,2839,350,1086,44
752,Cajeme,2824,259,1168,44
753,Cajeme,2153,196,1035,38
754,Cajeme,1332,99,474,17
755,Cajeme,2845,210,970,36
756,Cajeme,2570,308,820,34
757,Cajeme,2292,308,1084,43
758,Cajeme,2004,334,896,38
759,Cajeme,800,106,317,13
760,Cajeme,1132,176,443,19
761,Cajeme,1534,215,512,22
762,Cajeme,2167,397,755,35
763,Cajeme,657,141,267,12
764,Cajeme,1257,139,564,21
765,Cajeme,687,79,284,11
766,Cajeme,1771,173,634,24
767,Cajeme,1014,129,348,14
768,Cajeme,926,133,366,15
769,Cajeme,589,38,207,7
770,Cajeme,2225,296,748,32
771,Cajeme,2199,318,986,40
772,Cajeme,1002,185,371,17
773,Cajeme,1300,223,399,19
774,Cajeme,1873,354,722,33
775,Cajeme,2690,346,747,33
776,Cajeme,2532,490,927,43
777,Cajeme,1554,138,513,20
778,Cajeme,727,80,212,9
779,Cajeme,3030,218,986,37
780,Cajeme,1432,235,551,24
781,Cajeme,1485,179,485,20
782,Cajeme,1031,168,385,17
783,Cajeme,2970,326,1340,51
784,Cajeme,2453,276,1146,43
785,Cajeme,2818,500,1070,48
786,Cajeme,2177,249,843,33
787,Cajeme,1894,250,633,27
788,Cajeme,3134,302,1472,54
789,Cajeme,2656,192,1030,37
790,Cajeme,1824,247,522,23
791,Cajeme,1449,126,649,23
792,Cajeme,3067,478,1123,49
793,Cajeme,1723,125,608,22
794,Cajeme,1900,324,790,34
795,Cajeme,2312,374,738,34
796,Cajeme,3021,237,948,36
797,Cajeme,3173,517,1209,53
798,Cajeme,2359,345,898,38
799,Cajeme,1382,195,527,22
800,Cajeme,2735,525,1059,48
801,Nogales,1004,111,388,15
802,Nogales,2966,400,1335,53
803,Nogales,1022,74,341,12
804,Nogales,2657,260,929,36
805,Nogales,2724,350,1102,44
806,Nogales,2556,285,1292,48
807,Nogales,2165,271,775,32
808,Nogales,2151,168,814,30
809,Nogales,762,92,239,10
810,Nogales,3076,308,1022,41
811,Nogales,941,103,305,12
812,Nogales,678,90,191,8
813,Nogales,1096,83,456,16
814,Nogales,3197,227,1211,44
815,Nogales,596,108,216,9
816,Nogales,1248,181,454,19
817,Nogales,1103,107,542,20
818,Nogales,2617,260,1238,46
819,Nogales,2149,339,743,33
820,Nogales,1497,103,554,20
821,Nogales,3061,570,1056,50
822,Nogales,1042,165,316,14
823,Nogales,2027,327,806,35
824,Nogales,1193,189,395,18
825,Nogales,1735,325,664,30
826,Nogales,2987,405,1012,43
827,Nogales,2117,180,642,25
828,Nogales,1419,251,494,23
829,Nogales,1451,140,577,22
830,Nogales,1006,98,338,13
831,Nogales,1235,188,403,18
832,Nogales,2934,254,1383,50
833,Nogales,3047,290,1293,48
834,Nogales,1845,146,768,28
835,Nogales,1482,199,382,17
836,Nogales,2343,326,767,33
837,Nogales,2997,382,819,37
838,Nogales,2787,277,911,36
839,Nogales,1046,146,282,13
840,Nogales,1456,158,587,23
841,Nogales,3095,534,1128,51
842,Nogales,833,83,388,14
843,Nogales,2778,496,987,45
844,Nogales,2854,348,1095,44
845,Nogales,787,66,366,13
846,Nogales,992,84,380,14
847,Nogales,2262,298,946,38
848,Nogales,2507,246,1275,47
849,Nogales,552,87,201,8
850,Nogales,2724,478,978,45
851,Nogales,3103,359,1208,48
852,Nogales,788,61,253,9
853,Nogales,2329,342,831,36
854,Nogales,2103,290,776,32
855,Nogales,1641,232,571,24
856,Nogales,1500,248,578,25
857,Nogales,2669,253,1371,50
858,Nogales,2880,389,1185,48
859,Nogales,3071,278,1051,41
860,Nogales,1151,144,351,15
861,Nogales,2513,389,916,40
862,Nogales,3039,457,1002,45
863,Nogales,3111,300,1025,40
864,Nogales,1892,125,622,23
865,Nogales,2310,234,936,36
866,Nogales,1060,130,483,18
867,Nogales,1127,75,404,14
868,Nogales,2316,288,1126,43
869,Nogales,2369,331,668,30
870,Nogales,1622,213,439,20
871,Nogales,2077,316,962,39
872,Nogales,2961,279,1316,49
873,Nogales,1163,147,387,16
874,Nogales,2837,419,1066,45
875,Nogales,2765,206,1043,38
876,Nogales,635,89,299,11
877,Nogales,1517,261,637,27
878,Nogales,2944,550,1228,54
879,Nogales,883,166,297,14
880,Nogales,1009,188,345,16
881,Nogales,1962,183,779,29
882,Nogales,590,49,213,8
883,Nogales,3000,268,1020,39
884,Nogales,951,103,386,15
885,Nogales,2170,473,858,41
886,Nogales,1384,195,377,17
887,Nogales,2725,465,1237,52
888,Nogales,893,137,390,16
889,Nogales,3175,407,1360,54
890,Nogales,753,134,280,12
891,Nogales,2318,296,672,29
892,Nogales,1540,164,637,24
893,Nogales,2768,513,1035,47
894,Nogales,2496,452,956,43
895,Nogales,669,90,172,8
896,Nogales,1419,253,608,26
897,Nogales,750,72,372,13
898,Nogales,2390,213,878,33
899,Nogales,1111,196,436,19
900,Nogales,1549,215,697,28
901,Nogales,2447,218,1023,38
902,Nogales,1747,361,665,31
903,Nogales,725,77,378,14
904,Nogales,3202,325,1003,41
905,Nogales,2069,399,743,35
906,Nogales,544,59,161,6
907,Nogales,2320,151,754,27
908,Nogales,694,120,284,12
909,Nogales,1450,239,465,21
910,Nogales,2539,464,914,42
911,Nogales,2561,499,935,44
912,Nogales,2867,507,1014,47
913,Nogales,957,159,427,18
914,Nogales,795,118,242,11
915,Nogales,1305,249,509,23
916,Nogales,3126,350,1122,45
917,Nogales,2852,264,1401,51
918,Nogales,2563,352,823,36
919,Nogales,2839,447,915,42
920,Nogales,3219,349,1053,43
921,Nogales,2075,264,841,34
922,Nogales,761,111,311,13
923,Nogales,2655,224,858,33
924,Nogales,3039,514,1344,57
925,Nogales,951,187,344,16
926,Nogales,2400,305,885,36
927,Nogales,1101,132,463,18
928,Nogales,1891,321,830,35
929,Nogales,1394,285,593,27
930,Nogales,2838,350,1263,49
931,Nogales,2414,239,906,35
932,Nogales,2825,313,949,39
933,Nogales,2880,466,846,40
934,Nogales,2580,340,1142,45
935,Nogales,2545,564,1006,48
936,Nogales,1224,211,484,21
937,Nogales,2913,414,800,37
938,Nogales,2526,331,886,37
939,Nogales,970,166,424,18
940,Nogales,2126,329,831,35
941,Nogales,2122,230,892,34
942,Nogales,2286,172,731,27
943,Nogales,2934,547,1251,55
944,Nogales,591,52,280,10
945,Nogales,2465,241,758,30
946,Nogales,687,71,249,9
947,Nogales,1420,114,489,18
948,Nogales,2847,519,1095,49
949,Nogales,2027,182,930,34
950,Nogales,1478,213,435,20
951,Nogales,1324,173,533,21
952,Nogales,1045,216,385,18
953,Nogales,557,55,170,6
954,Nogales,1304,252,556,24
955,Nogales,2346,385,980,42
956,Nogales,2275,398,807,37
957,Nogales,2585,260,1254,46
958,Nogales,1967,332,803,35
959,Nogales,2639,328,719,32
960,Nogales,2257,335,905,38
961,Nogales,2880,332,1002,41
962,Nogales,1659,217,605,25
963,Nogales,2925,283,1257,47
964,Nogales,2771,313,864,36
965,Nogales,1557,223,578,24
966,Nogales,685,103,270,11
967,Nogales,2866,354,1263,49
968,Nogales,973,106,354,14
969,Nogales,2211,284,631,28
970,Nogales,1804,256,876,34
971,Nogales,1703,207,493,21
972,Nogales,1070,107,314,13
973,Nogales,1225,114,562,20
974,Nogales,1996,317,884,37
975,Nogales,2728,340,764,34
976,Nogales,2006,258,800,32
977,Nogales,764,112,323,13
978,Nogales,3153,616,1266,58
979,Nogales,2610,302,1074,42
980,Nogales,2428,206,940,35
981,Nogales,1509,159,774,28
982,Nogales,2772,223,884,34
983,Nogales,2870,468,923,42
984,Nogales,973,113,424,16
985,Nogales,2003,238,850,33
986,Nogales,1073,121,371,15
987,Nogales,2896,359,902,39
988,Nogales,1883,299,685,30
989,Nogales,903,90,368,14
990,Nogales,2759,502,1056,48
991,Nogales,1191,200,467,20
992,Nogales,1419,181,599,24
993,Nogales,811,58,308,11
994,Nogales,1101,123,427,17
995,Nogales,1343,197,535,22
996,Nogales,2502,318,804,34
997,Nogales,2599,374,802,36
998,Nogales,1269,227,476,21
999,Nogales,893,99,271,11
1000,Nogales,2437,412,961,42
1001,San Luis Rio Colorado,799,96,349,13
1002,San Luis Rio Colorado,2843,257,1303,48
1003,San Luis Rio Colorado,2739,285,1062,41
1004,San Luis Rio Colorado,2401,359,777,35
1005,San Luis Rio Colorado,2676,328,993,40
1006,San Luis Rio Colorado,2072,377,732,34
1007,San Luis Rio Colorado,681,109,230,10
1008,San Luis Rio Colorado,2839,360,1139,46
1009,San Luis Rio Colorado,1337,99,466,17
1010,San Luis Rio Colorado,3210,429,858,39
1011,San Luis Rio Colorado,2162,380,741,34
1012,San Luis Rio Colorado,2036,283,598,27
1013,San Luis Rio Colorado,2715,430,1061,46
1014,San Luis Rio Colorado,2819,455,985,44
1015,San Luis Rio Colorado,999,137,306,13
1016,San Luis Rio Colorado,2153,282,882,36
1017,San Luis Rio Colorado,2668,261,895,35
1018,San Luis Rio Colorado,2282,365,964,41
1019,San Luis Rio Colorado,691,127,239,11
1020,San Luis Rio Colorado,1037,115,420,16
1021,San Luis Rio Colorado,2889,531,1031,48
1022,San Luis Rio Colorado,1125,104,504,18
1023,San Luis Rio Colorado,2701,296,844,35
1024,San Luis Rio Colorado,624,86,163,7
1025,San Luis Rio Colorado,1467,317,593,28
1026,San Luis Rio Colorado,652,41,218,8
1027,San Luis Rio Colorado,629,78,238,9
1028,San Luis Rio Colorado,2585,465,887,41
1029,San Luis Rio Colorado,3213,467,1119,49
1030,San Luis Rio Colorado,785,67,288,10
1031,San Luis Rio Colorado,3062,407,795,37
1032,San Luis Rio Colorado,2250,344,721,32
1033,San Luis Rio Colorado,1465,127,502,19
1034,San Luis Rio Colorado,706,100,252,10
1035,San Luis Rio Colorado,2496,278,994,39
1036,San Luis Rio Colorado,2379,441,956,43
1037,San Luis Rio Colorado,912,75,297,11
1038,San Luis Rio Colorado,1038,132,388,16
1039,San Luis Rio Colorado,1365,168,403,17
1040,San Luis Rio Colorado,1887,314,686,30
1041,San Luis Rio Colorado,2500,200,976,36
1042,San Luis Rio Colorado,1642,219,659,27
1043,San Luis Rio Colorado,3108,475,1138,49
1044,San Luis Rio Colorado,1528,173,438,18
1045,San Luis Rio Colorado,706,80,227,9
1046,San Luis Rio Colorado,2579,302,825,34
1047,San Luis Rio Colorado,888,167,341,15
1048,San Luis Rio Colorado,1724,252,531,24
1049,San Luis Rio Colorado,3129,335,1323,51
1050,San Luis Rio Colorado,1963,350,702,32
1051,San Luis Rio Colorado,747,55,276,10
1052,San Luis Rio Colorado,1205,152,358,15
1053,San Luis Rio Colorado,2088,234,753,30
1054,San Luis Rio Colorado,1089,110,361,14
1055,San Luis Rio Colorado,921,159,335,15
1056,San Luis Rio Colorado,1033,110,294,12
1057,San Luis Rio Colorado,3011,409,864,39
1058,San Luis Rio Colorado,1873,222,585,24
1059,San Luis Rio Colorado,723,56,276,10
1060,San Luis Rio Colorado,1623,263,605,26
1061,San Luis Rio Colorado,2901,432,1104,47
1062,San Luis Rio Colorado,1053,114,378,15
1063,San Luis Rio Colorado,1420,139,447,18
1064,San Luis Rio Colorado,1638,175,663,25
1065,San Luis Rio Colorado,1084,96,454,16
1066,San Luis Rio Colorado,2519,337,668,31
1067,San Luis Rio Colorado,604,116,235,10
1068,San Luis Rio Colorado,2400,359,1010,42
1069,San Luis Rio Colorado,2096,403,878,39
1070,San Luis Rio Colorado,2076,146,663,24
1071,San Luis Rio Colorado,1033,110,518,19
1072,San Luis Rio Colorado,2727,278,1420,52
1073,San Luis Rio Colorado,1960,321,676,30
1074,San Luis Rio Colorado,2226,179,771,29
1075,San Luis Rio Colorado,2469,398,806,37
1076,San Luis Rio Colorado,2118,291,601,27
1077,San Luis Rio Colorado,763,56,249,9
1078,San Luis Rio Colorado,959,155,355,15
1079,San Luis Rio Colorado,2914,361,1177,47
1080,San Luis Rio Colorado,2718,342,887,38
1081,San Luis Rio Colorado,2638,368,1142,46
1082,San Luis Rio Colorado,1380,268,501,23
1083,San Luis Rio Colorado,1494,275,492,23
1084,San Luis Rio Colorado,736,78,227,9
1085,San Luis Rio Colorado,3218,527,1103,50
1086,San Luis Rio Colorado,3110,434,1364,55
1087,San Luis Rio Colorado,1423,192,515,21
1088,San Luis Rio Colorado,2899,514,911,44
1089,San Luis Rio Colorado,1922,204,594,24
1090,San Luis Rio Colorado,2543,241,1041,39
1091,San Luis Rio Colorado,2129,219,1111,41
1092,San Luis Rio Colorado,3203,344,1058,43
1093,San Luis Rio Colorado,2039,244,734,30
1094,San Luis Rio Colorado,2943,546,1176,53
1095,San Luis Rio Colorado,1483,150,720,26
1096,San Luis Rio Colorado,2426,200,1052,38
1097,San Luis Rio Colorado,2866,283,853,35
1098,San Luis Rio Colorado,1320,108,416,16
1099,San Luis Rio Colorado,2328,279,759,32
1100,San Luis Rio Colorado,653,118,270,11
1101,San Luis Rio Colorado,2124,230,821,32
1102,San Luis Rio Colorado,2163,187,888,33
1103,San Luis Rio Colorado,2314,504,953,45
1104,San Luis Rio Colorado,1662,179,846,31
1105,San Luis Rio Colorado,637,88,307,12
1106,San Luis Rio Colorado,2560,495,889,42
1107,San Luis Rio Colorado,1157,153,447,18
1108,San Luis Rio Colorado,1622,230,679,28
1109,San Luis Rio Colorado,2255,320,647,29
1110,San Luis Rio Colorado,2648,267,837,34
1111,San Luis Rio Colorado,1502,210,400,18
1112,San Luis Rio Colorado,1784,325,788,34
1113,San Luis Rio Colorado,662,67,194,8
1114,San Luis Rio Colorado,2882,180,968,35
1115,San Luis Rio Colorado,1732,323,715,32
1116,San Luis Rio Colorado,3078,584,1066,51
1117,San Luis Rio Colorado,2570,242,1002,38
1118,San Luis Rio Colorado,1556,137,477,18
1119,San Luis Rio Colorado,790,75,388,14
1120,San Luis Rio Colorado,3178,543,1451,61
1121,San Luis Rio Colorado,3129,324,966,39
1122,San Luis Rio Colorado,2593,529,946,45
1123,San Luis Rio Colorado,1778,266,763,31
1124,San Luis Rio Colorado,690,57,282,10
1125,San Luis Rio Colorado,1208,137,344,14
1126,San Luis Rio Colorado,1719,163,657,25
1127,San Luis Rio Colorado,2742,393,1308,52
1128,San Luis Rio Colorado,870,109,271,11
1129,San Luis Rio Colorado,2694,391,963,41
1130,San Luis Rio Colorado,2938,320,981,40
1131,San Luis Rio Colorado,555,64,163,7
1132,San Luis Rio Colorado,2930,461,1113,48
1133,San Luis Rio Colorado,2341,278,1153,44
1134,San Luis Rio Colorado,745,73,274,10
1135,San Luis Rio Colorado,2948,477,1166,50
1136,San Luis Rio Colorado,685,97,176,8
1137,San Luis Rio Colorado,2304,225,957,36
1138,San Luis Rio Colorado,1816,232,493,22
1139,San Luis Rio Colorado,1043,112,529,19
1140,San Luis Rio Colorado,2143,436,780,37
1141,San Luis Rio Colorado,2322,280,1015,40
1142,San Luis Rio Colorado,835,124,316,13
1143,San Luis Rio Colorado,1382,169,527,21
1144,San Luis Rio Colorado,2797,467,973,44
1145,San Luis Rio Colorado,1404,136,698,25
1146,San Luis Rio Colorado,2506,292,1066,41
1147,San Luis Rio Colorado,1194,83,439,16
1148,San Luis Rio Colorado,2475,320,823,35
1149,San Luis Rio Colorado,3065,497,1303,55
1150,San Luis Rio Colorado,1149,94,474,17
1151,San Luis Rio Colorado,1154,217,419,19
1152,San Luis Rio Colorado,3029,439,807,38
1153,San Luis Rio Colorado,821,107,296,12
1154,San Luis Rio Colorado,2923,525,1005,47
1155,San Luis Rio Colorado,1373,146,524,20
1156,San Luis Rio Colorado,3229,501,1078,48
1157,San Luis Rio Colorado,3071,595,1147,53
1158,San Luis Rio Colorado,1786,195,827,31
1159,San Luis Rio Colorado,1372,122,427,16
1160,San Luis Rio Colorado,2503,432,1018,44
1161,San Luis Rio Colorado,2998,221,997,37
1162,San Luis Rio Colorado,2628,217,859,33
1163,San Luis Rio Colorado,815,126,267,12
1164,San Luis Rio Colorado,1275,224,571,24
1165,San Luis Rio Colorado,1167,155,485,19
1166,San Luis Rio Colorado,786,78,335,12
1167,San Luis Rio Colorado,1516,169,721,27
1168,San Luis Rio Colorado,3229,363,1421,55
1169,San Luis Rio Colorado,616,63,243,9
1170,San Luis Rio Colorado,741,110,319,13
1171,San Luis Rio Colorado,2292,325,1002,41
1172,San Luis Rio Colorado,2959,409,1130,47
1173,San Luis Rio Colorado,2384,427,985,43
1174,San Luis Rio Colorado,1512,284,644,28
1175,San Luis Rio Colorado,2462,324,736,32
1176,San Luis Rio Colorado,3046,331,1057,42
1177,San Luis Rio Colorado,2276,342,665,31
1178,San Luis Rio Colorado,3168,430,924,41
1179,San Luis Rio Colorado,3059,427,846,39
1180,San Luis Rio Colorado,2243,339,740,33
1181,San Luis Rio Colorado,2143,458,881,41
1182,San Luis Rio Colorado,1607,186,500,21
1183,San Luis Rio Colorado,2187,188,984,36
1184,San Luis Rio Colorado,2802,297,948,38
1185,San Luis Rio Colorado,1676,247,633,27
1186,San Luis Rio Colorado,1705,189,728,28
1187,San Luis Rio Colorado,1976,180,755,28
1188,San Luis Rio Colorado,3116,486,1366,57
1189,San Luis Rio Colorado,3047,426,848,39
1190,San Luis Rio Colorado,2532,501,981,45
1191,San Luis Rio Colorado,2370,218,1003,37
1192,San Luis Rio Colorado,1785,218,883,34
1193,San Luis Rio Colorado,1902,300,767,32
1194,San Luis Rio Colorado,1948,183,645,25
1195,San Luis Rio Colorado,1888,295,776,33
1196,San Luis Rio Colorado,1276,86,417,15
1197,San Luis Rio Colorado,1630,177,775,29
1198,San Luis Rio Colorado,1939,275,755,31
1199,San Luis Rio Colorado,951,111,329,13
1200,San Luis Rio Colorado,1898,368,790,35
1201,Guaymas,1396,238,616,26
1202,Guaymas,1913,170,829,30
1203,Guaymas,1442,209,404,18
1204,Guaymas,2222,384,704,33
1205,Guaymas,2344,353,674,31
1206,Guaymas,2017,369,874,38
1207,Guaymas,665,71,250,9
1208,Guaymas,665,122,228,10
1209,Guaymas,2924,369,1464,56
1210,Guaymas,864,157,321,14
1211,Guaymas,1830,249,616,26
1212,Guaymas,1866,380,677,32
1213,Guaymas,2814,347,899,38
1214,Guaymas,1765,255,836,33
1215,Guaymas,2490,376,1081,45
1216,Guaymas,2890,511,946,45
1217,Guaymas,761,53,258,9
1218,Guaymas,2941,328,1480,55
1219,Guaymas,2873,296,1221,46
1220,Guaymas,1726,295,682,30
1221,Guaymas,801,148,318,14
1222,Guaymas,3056,373,1431,55
1223,Guaymas,2478,226,998,37
1224,Guaymas,999,153,372,16
1225,Guaymas,2203,223,867,33
1226,Guaymas,2559,350,837,36
1227,Guaymas,677,76,193,8
1228,Guaymas,1082,171,327,15
1229,Guaymas,1102,89,382,14
1230,Guaymas,2987,259,1220,45
1231,Guaymas,2215,382,898,39
1232,Guaymas,3093,302,1466,54
1233,Guaymas,1929,314,632,29
1234,Guaymas,2489,413,1108,47
1235,Guaymas,2418,452,850,40
1236,Guaymas,2898,419,1318,53
1237,Guaymas,1196,206,438,19
1238,Guaymas,655,111,285,12
1239,Guaymas,869,86,334,12
1240,Guaymas,2586,377,712,33
1241,Guaymas,3201,272,1318,49
1242,Guaymas,889,185,346,16
1243,Guaymas,2839,393,832,37
1244,Guaymas,1755,152,780,28
1245,Guaymas,2920,295,1183,45
1246,Guaymas,1275,207,427,19
1247,Guaymas,987,160,326,15
1248,Guaymas,3052,299,1157,45
1249,Guaymas,2761,286,1207,46
1250,Guaymas,1185,116,547,20
1251,Guaymas,3107,306,1184,46
1252,Guaymas,1883,215,838,32
1253,Guaymas,1472,180,695,27
1254,Guaymas,2460,373,736,34
1255,Guaymas,2257,290,773,32
1256,Guaymas,2959,429,1065,46
1257,Guaymas,2796,402,950,41
1258,Guaymas,1145,130,451,17
1259,Guaymas,2245,330,684,31
1260,Guaymas,939,96,275,11
1261,Guaymas,881,148,301,13
1262,Guaymas,1388,137,621,23
1263,Guaymas,1298,200,379,17
1264,Guaymas,1083,222,459,21
1265,Guaymas,567,35,187,6
1266,Guaymas,1446,259,595,26
1267,Guaymas,827,119,334,14
1268,Guaymas,910,111,377,15
1269,Guaymas,2167,261,589,26
1270,Guaymas,3056,324,1542,57
1271,Guaymas,2075,258,866,34
1272,Guaymas,1541,301,548,26
1273,Guaymas,2895,364,1204,48
1274,Guaymas,1061,131,362,15
1275,Guaymas,3225,518,1106,50
1276,Guaymas,1640,193,768,29
1277,Guaymas,1519,149,745,27
1278,Guaymas,807,70,378,13
1279,Guaymas,2698,394,701,33
1280,Guaymas,2131,289,795,33
1281,Guaymas,1512,245,440,21
1282,Guaymas,779,102,275,11
1283,Guaymas,1986,238,741,30
1284,Guaymas,2738,474,983,45
1285,Guaymas,1653,253,578,25
1286,Guaymas,2019,177,712,27
1287,Guaymas,2509,177,836,31
1288,Guaymas,731,60,262,9
1289,Guaymas,3082,252,1033,39
1290,Guaymas,2120,327,754,33
1291,Guaymas,3073,382,1314,52
1292,Guaymas,2364,291,873,35
1293,Guaymas,1875,173,818,30
1294,Guaymas,2131,185,857,32
1295,Guaymas,964,153,303,14
1296,Guaymas,2639,409,768,36
1297,Guaymas,2481,337,1133,45
1298,Guaymas,1398,241,481,22
1299,Guaymas,1962,366,734,34
1300,Guaymas,2135,219,729,29
1301,Guaymas,2415,277,1121,43
1302,Guaymas,2675,411,1057,45
1303,Guaymas,2157,210,804,31
1304,Guaymas,2295,420,939,42
1305,Guaymas,1294,120,453,17
1306,Guaymas,2663,560,997,48
1307,Guaymas,3081,426,910,41
1308,Guaymas,2741,529,1018,47
1309,Guaymas,2746,470,1062,47
1310,Guaymas,1604,164,748,28
1311,Guaymas,1180,88,444,16
1312,Guaymas,3001,304,1034,41
1313,Guaymas,2409,276,1094,42
1314,Guaymas,2279,364,697,32
1315,Guaymas,2266,139,765,27
1316,Guaymas,1468,289,582,26
1317,Guaymas,1937,274,527,24
1318,Guaymas,1773,198,546,23
1319,Guaymas,2324,274,716,30
1320,Guaymas,1185,188,524,21
1321,Guaymas,2900,292,994,39
1322,Guaymas,2356,300,719,31
1323,Guaymas,2662,402,1126,47
1324,Guaymas,2615,241,1054,40
1325,Guaymas,3192,571,1054,50
1326,Guaymas,2711,290,1248,47
1327,Guaymas,1569,133,718,26
1328,Guaymas,1163,163,321,14
1329,Guaymas,2317,405,846,38
1330,Guaymas,2083,373,858,38
1331,Guaymas,3092,242,1238,45
1332,Guaymas,748,99,245,10
1333,Guaymas,2689,235,950,36
1334,Guaymas,2572,436,908,41
1335,Guaymas,2879,449,983,44
1336,Guaymas,2795,439,946,42
1337,Guaymas,2898,385,1158,47
1338,Guaymas,2074,297,576,27
1339,Guaymas,1452,107,499,18
1340,Guaymas,2098,237,846,33
1341,Guaymas,2543,313,1058,42
1342,Guaymas,824,102,335,13
1343,Guaymas,2017,336,721,32
1344,Guaymas,2383,433,915,41
1345,Guaymas,978,148,464,18
1346,Guaymas,1863,142,706,26
1347,Guaymas,2697,537,1138,51
1348,Guaymas,2264,226,1067,39
1349,Guaymas,563,51,211,8
1350,Guaymas,2714,352,919,39
1351,Navojoa,1252,113,568,21
1352,Navojoa,1858,211,803,31
1353,Navojoa,1439,210,604,25
1354,Navojoa,2919,481,1170,51
1355,Navojoa,2170,342,667,31
1356,Navojoa,1641,272,668,29
1357,Navojoa,3094,257,1349,49
1358,Navojoa,598,69,252,9
1359,Navojoa,2629,364,812,36
1360,Navojoa,1496,206,732,28
1361,Navojoa,1046,128,438,17
1362,Navojoa,766,128,287,12
1363,Navojoa,1408,268,537,24
1364,Navojoa,1356,205,583,24
1365,Navojoa,2723,218,925,35
1366,Navojoa,2835,263,958,37
1367,Navojoa,2358,436,793,38
1368,Navojoa,1502,291,619,28
1369,Navojoa,3143,242,1047,39
1370,Navojoa,1686,248,582,25
1371,Navojoa,2354,190,770,29
1372,Navojoa,992,104,447,17
1373,Navojoa,716,92,224,9
1374,Navojoa,594,90,235,10
1375,Navojoa,797,84,276,11
1376,Navojoa,2610,401,887,39
1377,Navojoa,1193,262,473,22
1378,Navojoa,598,47,242,8
1379,Navojoa,1653,225,772,30
1380,Navojoa,3152,445,940,42
1381,Navojoa,3067,405,1229,50
1382,Navojoa,2387,428,1019,44
1383,Navojoa,1058,128,478,18
1384,Navojoa,1915,242,593,25
1385,Navojoa,1217,195,570,23
1386,Navojoa,3100,434,1436,57
1387,Navojoa,856,161,331,15
1388,Navojoa,3142,356,872,37
1389,Navojoa,753,81,391,14
1390,Navojoa,924,139,259,12
1391,Navojoa,1142,91,428,16
1392,Navojoa,1694,123,557,21
1393,Navojoa,2205,254,1057,40
1394,Navojoa,2293,400,939,41
1395,Navojoa,995,192,414,18
1396,Navojoa,860,58,287,10
1397,Navojoa,861,69,359,13
1398,Navojoa,2034,392,816,37
1399,Navojoa,2845,242,1206,44
1400,Navojoa,1271,135,459,18
1401,Navojoa,2494,444,888,41
1402,Navojoa,639,137,260,12
1403,Navojoa,1945,276,551,25
1404,Navojoa,1076,167,312,14
1405,Navojoa,2408,330,836,36
1406,Navojoa,1346,149,522,20
1407,Navojoa,934,189,362,17
1408,Navojoa,2683,435,1093,47
1409,Navojoa,700,84,249,10
1410,Navojoa,1848,172,612,24
1411,Navojoa,1004,85,368,14
1412,Navojoa,2626,414,1203,49
1413,Navojoa,2561,562,1018,48
1414,Navojoa,1154,221,422,19
1415,Navojoa,2941,326,883,37
1416,Navojoa,955,113,292,12
1417,Navojoa,1924,270,484,23
1418,Navojoa,616,95,188,8
1419,Navojoa,3068,432,954,42
1420,Navojoa,2390,324,607,28
1421,Navojoa,803,132,340,14
1422,Navojoa,1481,138,598,22
1423,Navojoa,2513,522,1026,47
1424,Navojoa,747,146,272,12
1425,Navojoa,1986,209,929,35
1426,Navojoa,899,79,369,13
1427,Navojoa,568,63,276,10
1428,Navojoa,2830,506,997,46
1429,Navojoa,1033,151,496,20
1430,Navojoa,1784,254,469,22
1431,Navojoa,2867,257,1150,43
1432,Navojoa,2655,239,1156,43
1433,Navojoa,1003,150,309,14
1434,Navojoa,547,38,201,7
1435,Navojoa,1846,140,605,23
1436,Navojoa,1927,178,573,23
1437,Navojoa,1497,185,701,27
1438,Navojoa,2538,324,795,34
1439,Navojoa,2763,371,1098,45
1440,Navojoa,1576,280,564,26
1441,Navojoa,3105,572,1231,55
1442,Navojoa,628,95,192,8
1443,Navojoa,1611,209,649,26
1444,Navojoa,1143,147,347,15
1445,Navojoa,1634,161,484,19
1446,Navojoa,2028,287,854,35
1447,Navojoa,937,134,395,16
1448,Navojoa,2473,227,857,33
1449,Navojoa,977,121,422,16
1450,Navojoa,2971,330,960,39
1451,Navojoa,2104,273,737,31
1452,Navojoa,1724,154,628,24
1453,Navojoa,1851,191,823,31
1454,Navojoa,1865,295,792,33
1455,Navojoa,2943,295,1256,47
1456,Navojoa,2593,408,811,37
1457,Navojoa,2047,257,635,27
1458,Navojoa,1101,148,507,20
1459,Navojoa,2352,395,858,38
1460,Navojoa,2233,478,852,41
1461,Navojoa,712,108,314,13
1462,Navojoa,1681,252,632,27
1463,Navojoa,2180,196,827,31
1464,Navojoa,1953,223,640,26
1465,Navojoa,1605,155,691,26
1466,Navojoa,2141,258,867,34
1467,Navojoa,1991,276,650,28
1468,Navojoa,1321,141,520,20
1469,Navojoa,747,95,316,12
1470,Navojoa,2286,192,699,27
1471,Navojoa,1168,155,354,15
1472,Navojoa,1521,213,478,21
1473,Navojoa,970,107,460,17
1474,Navojoa,781,99,205,9
1475,Navojoa,1033,163,365,16
1476,Navojoa,2990,340,889,38
1477,Navojoa,2691,424,1119,47
1478,Navojoa,3115,289,932,37
1479,Navojoa,758,80,308,12
1480,Navojoa,967,93,373,14
1481,Navojoa,618,81,244,10
1482,Navojoa,892,140,349,15
1483,Navojoa,1144,123,564,21
1484,Navojoa,1169,92,383,14
1485,Navojoa,2101,264,757,31
1486,Navojoa,2462,207,866,33
1487,Navojoa,1333,132,478,18
1488,Navojoa,1756,277,820,33
1489,Navojoa,2410,265,1250,46
1490,Navojoa,2847,529,969,46
1491,Navojoa,1539,134,648,24
1492,Navojoa,1136,156,329,14
1493,Navojoa,1467,311,586,27
1494,Navojoa,1318,223,492,22
1495,Navojoa,2424,336,1003,41
1496,Navojoa,881,72,274,10
1497,Navojoa,903,141,301,13
1498,Navojoa,1196,194,438,19
1499,Navojoa,2115,160,696,26
